{
  "chart": {
    "title": "Death rates per unit of electricity production",
    "subtitle": "Death rates are measured based on deaths from accidents and air pollution per [terawatt-hour](#dod:watt-hours) of electricity.",
    "citation": "Markandya & Wilkinson (2007); Sovacool et al. (2016); UNSCEAR (2008; & 2018)",
    "originalChartUrl": "https://ourworldindata.org/grapher/death-rates-from-energy-production-per-twh?v=1&csvType=full&useColumnShortNames=false",
    "selection": [
      "Biomass",
      "Brown coal",
      "Coal",
      "Gas",
      "Hydropower",
      "Nuclear",
      "Oil",
      "Solar",
      "Wind"
    ]
  },
  "columns": {
    "Deaths per TWh of electricity production": {
      "titleShort": "Deaths per terawatt-hour of energy production",
      "titleLong": "Deaths per terawatt-hour of energy production",
      "unit": "",
      "timespan": "",
      "type": "Numeric",
      "owidVariableId": 145161,
      "citationShort": " – processed by Our World in Data",
      "citationLong": " – processed by Our World in Data. “Deaths per terawatt-hour of energy production” [dataset]. Deaths per TWh energy production [original data].",
      "fullMetadata": "https://api.ourworldindata.org/v1/indicators/145161.metadata.json"
    }
  },
  "dateDownloaded": "2024-11-17"
}